GEOID,TOTAL_POPULATION,MEDIAN_AGE,PCT_POVERTY,PCT_HSNGCSTS_OVR_50_PCT,PCT_OVR_25_HGHSCL_CMPLT,PCT_OVR_25_BCHLRS_CMPLT,PCT_UNEMPLOYED,COMMUNITY_AREA_NUMBER,COMMUNITY_AREA_NAME,COMMUNITY_AREA_GROUP
17031010100,4522,35.3,35.8,28.2,16.9,46.9,7,1,ROGERS PARK,Far North
17031010201,7039,36.3,36.8,39.7,24.6,30.8,7.3,1,ROGERS PARK,Far North
17031010202,2852,35.7,18.5,28.5,19.7,33.3,6.5,1,ROGERS PARK,Far North
17031010300,6650,41.6,16.1,20.3,26.2,39.4,4.9,1,ROGERS PARK,Far North
17031010400,5153,25.2,19.1,32.8,11.3,65.5,7.7,1,ROGERS PARK,Far North
17031010501,4147,37.7,20.7,26.8,17.2,54.5,8.7,1,ROGERS PARK,Far North
17031010502,2802,31.3,30,31.5,10.3,55.5,3.7,1,ROGERS PARK,Far North
17031010503,1713,37.1,48,31.4,23.2,37.5,7.7,1,ROGERS PARK,Far North
17031010600,6271,33,24.4,32.4,14.7,53.4,7.5,1,ROGERS PARK,Far North
17031010701,3766,36.1,20.8,28.6,23.9,45.8,4.9,1,ROGERS PARK,Far North
17031010702,5096,30.8,24.2,27.4,14.2,45.3,5.2,1,ROGERS PARK,Far North
17031020100,3836,38.2,14.2,22.9,21.2,42.4,5.9,2,WEST RIDGE,Far North
17031020200,6739,32.7,13.5,33.8,13.5,47,8.4,2,WEST RIDGE,Far North
17031020301,5472,36.2,13.6,15,16.5,56.9,6,2,WEST RIDGE,Far North
17031020302,5348,39.1,22.8,34.5,20.5,51.9,7.3,2,WEST RIDGE,Far North
17031020400,4236,38.8,17.9,24,21.5,48.7,3.7,2,WEST RIDGE,Far North
17031020500,6584,32.6,26.3,16.4,21.6,34.1,13.6,2,WEST RIDGE,Far North
17031020601,6131,39.2,24.3,38.1,23.8,41.7,10.9,2,WEST RIDGE,Far North
17031020602,4734,30.9,22,26.2,19.9,44.3,7.7,2,WEST RIDGE,Far North
17031020701,1748,39.7,6.6,29.2,19.2,48.5,7.2,2,WEST RIDGE,Far North
17031020702,7674,31.8,22.1,31.8,26.8,30.3,9.3,2,WEST RIDGE,Far North
17031020801,6112,38.7,16.5,26.4,19.1,29.1,7.3,2,WEST RIDGE,Far North
17031020802,7952,34.4,26.2,34,29,30.7,8.2,2,WEST RIDGE,Far North
17031020901,5966,31.3,28.9,25.6,23.2,37.8,3.9,2,WEST RIDGE,Far North
17031020902,4680,37.7,26.7,26.1,30.1,25.2,5.4,2,WEST RIDGE,Far North
17031030101,3768,38.3,14.7,23.4,24.1,49.3,8.9,77,EDGEWATER,Far North
17031030102,2703,38.1,16.2,23,10.6,57.6,5.5,77,EDGEWATER,Far North
17031030103,2252,27.6,16.6,17.9,5.6,68.8,10.7,77,EDGEWATER,Far North
17031030104,3569,22.6,27.9,28.1,14.2,54.3,11.5,77,EDGEWATER,Far North
17031030200,5444,41.4,14.3,26.2,9.6,60.7,5.8,77,EDGEWATER,Far North
17031030300,3464,36.1,24,24.8,29.3,35.9,5.7,77,EDGEWATER,Far North
17031030400,2582,40.4,15.9,16.3,9,59.1,6.9,77,EDGEWATER,Far North
17031030500,6428,38.6,5.5,17.5,14.5,57.3,2.3,77,EDGEWATER,Far North
17031030601,3956,40.1,17.6,15.4,19.7,46.7,3.4,77,EDGEWATER,Far North
17031030603,2258,35,23.9,24.9,26.5,48.4,4.3,77,EDGEWATER,Far North
17031030604,3344,40.8,24.4,28,10.3,55.2,4.6,77,EDGEWATER,Far North
17031030701,1712,36,26.3,23.2,15.6,47.3,9.1,77,EDGEWATER,Far North
17031030702,2252,46.9,13.1,13.9,9.2,70.2,7.5,77,EDGEWATER,Far North
17031030703,2909,40.5,25.1,22.2,6.7,52.1,4.6,77,EDGEWATER,Far North
17031030706,2928,48.9,13.3,29.5,19.5,55.3,8.5,77,EDGEWATER,Far North
17031030800,4392,41.6,8.9,11.7,12.8,73.7,4.9,77,EDGEWATER,Far North
17031030900,3061,39.6,9.4,11.9,9.2,62.1,3,77,EDGEWATER,Far North
17031031000,4089,36.3,6.8,14.2,12,66,4.5,3,UPTOWN,Far North
17031031100,5059,35.4,12.3,15.9,12.1,61.1,5.2,3,UPTOWN,Far North
17031031200,5937,34.6,26.9,19.8,20.4,41.9,4.2,3,UPTOWN,Far North
17031031300,7604,45.8,22.1,19.1,16.5,50.6,2.7,3,UPTOWN,Far North
17031031400,4853,37.8,10.6,22.3,5.5,75.8,1.9,3,UPTOWN,Far North
17031031501,4587,38.9,46.9,24.3,21.7,36.6,10.6,3,UPTOWN,Far North
17031031502,4651,33.1,32.3,20.9,21.1,42.7,8.5,3,UPTOWN,Far North
17031031700,6691,34.9,24,26,22.1,52.2,4.5,3,UPTOWN,Far North
17031031800,1857,34.2,7.1,22.7,8.9,70.3,3.1,3,UPTOWN,Far North
17031031900,2566,33.8,11.4,12.9,11.5,70.6,7,3,UPTOWN,Far North
17031032100,6837,36.5,23.7,22.9,15.6,59.7,6.4,3,UPTOWN,Far North
17031040100,3879,37.2,11.4,9.8,11.4,60.8,1.6,4,LINCOLN SQUARE,Far North
17031040201,6891,33.6,8.1,18.8,11,58.1,2.5,4,LINCOLN SQUARE,Far North
17031040202,7265,35.9,18.5,34.2,26.6,40,6.3,4,LINCOLN SQUARE,Far North
17031040300,2925,42.9,1.4,9,13.8,54,11.3,4,LINCOLN SQUARE,Far North
17031040401,3347,35.6,3.7,7.6,12.2,69.8,5.9,4,LINCOLN SQUARE,Far North
17031040402,5269,33.1,6.5,13.3,10.7,75.5,3.2,4,LINCOLN SQUARE,Far North
17031040600,2514,34,3.8,13,7.5,79.3,5.2,4,LINCOLN SQUARE,Far North
17031040700,3440,34.4,6.9,17.5,6.1,68.6,2.1,4,LINCOLN SQUARE,Far North
17031040800,1829,36.1,5.9,11.9,8.5,63,2.4,4,LINCOLN SQUARE,Far North
17031040900,1842,34.9,8.4,20.4,2.8,80.7,4.6,4,LINCOLN SQUARE,Far North
17031050100,2731,34.4,4.9,6.9,4.6,74.2,3.2,5,NORTH CENTER,North
17031050200,5431,38.1,3.3,11.8,10.9,65.7,4.4,5,NORTH CENTER,North
17031050300,2723,38,9.7,11.4,10,62,6.5,5,NORTH CENTER,North
17031050500,6069,34.1,3,12.5,5.5,80.2,2.8,5,NORTH CENTER,North
17031050600,2177,35.4,8.1,11.8,6.9,82.2,3.9,5,NORTH CENTER,North
17031050700,1610,32.7,3.5,22.7,5.6,81.4,1.3,5,NORTH CENTER,North
17031050800,1457,33.6,4.4,4.3,6.9,78.8,6.2,5,NORTH CENTER,North
17031050900,1302,34,4.8,7.3,7.9,66.8,3.9,5,NORTH CENTER,North
17031051000,1718,33.3,5.4,19,7.1,71.5,1,5,NORTH CENTER,North
17031051100,1654,32.9,3.3,4,5.2,79.2,0.5,5,NORTH CENTER,North
17031051200,1594,31.8,4.6,8.4,1.2,84.1,2.1,5,NORTH CENTER,North
17031051300,2826,35.3,2.4,12.7,6.3,82.8,1.3,5,NORTH CENTER,North
17031051400,1796,32.6,7.9,18,8.3,73.4,3.3,5,NORTH CENTER,North
17031060100,2852,34.8,6.4,11.3,5.4,76.7,1.4,6,LAKE VIEW,North
17031060200,2324,31.7,15.3,18.7,7.3,74.2,2.9,6,LAKE VIEW,North
17031060300,3214,30.7,1.1,5.5,6.5,79.7,1.7,6,LAKE VIEW,North
17031060400,3779,29.5,10.7,9.3,6.6,86.1,3.9,6,LAKE VIEW,North
17031060500,1295,44.8,22.6,10.7,19.1,50,3.2,6,LAKE VIEW,North
17031060800,5048,34.3,4.9,11.3,4.7,80.9,4.6,6,LAKE VIEW,North
17031060900,7114,34.8,8.9,12.9,7.5,69.6,1.9,6,LAKE VIEW,North
17031061000,2208,29.9,14.4,16.3,4.3,86.7,2.6,6,LAKE VIEW,North
17031061100,1379,27.2,6.7,4,3.3,87.6,0.5,6,LAKE VIEW,North
17031061200,1961,27.3,8.2,10.6,2.6,87,1,6,LAKE VIEW,North
17031061500,1888,29.2,6.6,6.8,3,79.8,2.7,6,LAKE VIEW,North
17031061800,1340,27.8,12.5,18,2.7,78.2,4.6,6,LAKE VIEW,North
17031061901,3597,32,10.2,21.4,5.3,84.7,3.3,6,LAKE VIEW,North
17031061902,4653,37.6,11.9,14.5,10.6,72.7,7.8,6,LAKE VIEW,North
17031062000,2981,28.7,5.8,17.7,6,85.7,2.2,6,LAKE VIEW,North
17031062100,3772,28.7,14.8,11.4,4.7,80.4,4.5,6,LAKE VIEW,North
17031062200,2719,29.3,6.7,17.1,5.9,86.9,2.3,6,LAKE VIEW,North
17031062300,1602,30.8,4.2,7.8,1.2,91.8,2.6,6,LAKE VIEW,North
17031062400,1576,33.6,3.7,30.4,5.3,83.9,3.3,6,LAKE VIEW,North
17031062500,1575,31.3,13,17.1,2.1,87.7,3,6,LAKE VIEW,North
17031062600,2370,33,1.6,11.9,1.3,88.6,4.6,6,LAKE VIEW,North
17031062700,2885,31.8,4.3,8.6,3.4,81.6,1.2,6,LAKE VIEW,North
17031062800,3625,29.3,5.1,14,3.2,86.4,2,6,LAKE VIEW,North
17031062900,3818,29.3,7.4,13.2,2.8,85.4,2.2,6,LAKE VIEW,North
17031063000,3448,29.7,8.1,10.4,3.4,85.8,2.4,6,LAKE VIEW,North
17031063100,2310,30.2,8,13.3,5.9,82.9,3.8,6,LAKE VIEW,North
17031063200,6897,33.4,8.4,14.9,4.2,79.3,4.5,6,LAKE VIEW,North
17031063301,2768,32,15.3,9.9,5.8,74.7,0.6,6,LAKE VIEW,North
17031063302,3781,31.5,7.3,13,3.6,87.3,0.3,6,LAKE VIEW,North
17031063303,1223,66.8,5.9,38.9,10.4,72.1,4.9,6,LAKE VIEW,North
17031063400,2318,29.2,5.7,8,2.1,86.8,1.2,6,LAKE VIEW,North
17031070101,3878,32.4,15.9,26.1,6.5,84,5.8,7,LINCOLN PARK,North
17031070102,2920,30.5,6.6,13.8,3,81.5,1.2,7,LINCOLN PARK,North
17031070103,1621,27.2,10.1,16.4,1.1,80.9,2.9,7,LINCOLN PARK,North
17031070200,4283,29.7,9.6,16.3,6.4,81.4,2.6,7,LINCOLN PARK,North
17031070300,3575,28.2,7.7,13,1,91.4,2.7,7,LINCOLN PARK,North
17031070400,3237,33.3,10.2,11.2,10.3,74.1,0,7,LINCOLN PARK,North
17031070500,3421,34.1,4.7,23.7,13.1,75.2,4.1,7,LINCOLN PARK,North
17031070600,3257,30.2,4.7,20.3,1.2,92.9,2.5,7,LINCOLN PARK,North
17031070700,4272,29.3,16.7,7.5,9.3,77.5,2.5,7,LINCOLN PARK,North
17031071000,4604,21.2,9.5,14.9,4.2,91,6.5,7,LINCOLN PARK,North
17031071100,3180,26.5,10.1,25.7,1.4,92.9,2.8,7,LINCOLN PARK,North
17031071200,2024,30.5,8.9,8,7.3,80.2,2,7,LINCOLN PARK,North
17031071300,3982,29.9,8.8,16.9,0,94.6,3.2,7,LINCOLN PARK,North
17031071400,4745,35.4,16.4,15.9,6,81.5,2.7,7,LINCOLN PARK,North
17031071500,6065,32.2,4.7,11,4.7,89.6,1.6,7,LINCOLN PARK,North
17031071600,1832,35.5,8.8,0,7.5,78.8,3,7,LINCOLN PARK,North
17031071700,1729,34.7,2.4,8.6,6.5,80.3,2.8,7,LINCOLN PARK,North
17031071800,2741,32.9,4.6,3.1,6.8,82.9,0.6,7,LINCOLN PARK,North
17031080100,6795,37.4,8.1,7.6,2.3,83.6,5.2,8,NEAR NORTH SIDE,Central
17031080201,3141,44.8,1.2,8.1,4.1,79.5,4.9,8,NEAR NORTH SIDE,Central
17031080202,3302,34.3,9.5,15.6,2.4,88.8,4,8,NEAR NORTH SIDE,Central
17031080300,4770,31.4,5.2,10.7,2.4,88.4,2.3,8,NEAR NORTH SIDE,Central
17031080400,4142,27.3,23,12.6,13.1,50,9.9,8,NEAR NORTH SIDE,Central
17031081000,7439,32,19.9,15.2,11.7,63,2.6,8,NEAR NORTH SIDE,Central
17031081100,4092,34.2,16.2,22,2.3,73.3,2.9,8,NEAR NORTH SIDE,Central
17031081201,4500,40.6,6.7,17.4,2.4,84,3.4,8,NEAR NORTH SIDE,Central
17031081202,2951,57.2,4.2,29.8,4.2,78.3,2.7,8,NEAR NORTH SIDE,Central
17031081300,5313,57.9,12.3,19.3,3.8,81.4,5.2,8,NEAR NORTH SIDE,Central
17031081401,2342,51.9,12.3,30.6,5.5,73.5,2.8,8,NEAR NORTH SIDE,Central
17031081402,5325,37.4,11.1,20.1,1.5,85.6,2.7,8,NEAR NORTH SIDE,Central
17031081403,8046,33.2,10.8,19.7,4.5,87.4,1,8,NEAR NORTH SIDE,Central
17031081500,4585,36.2,9.7,21.8,6.5,87.4,1.6,8,NEAR NORTH SIDE,Central
17031081600,4000,33.5,8,14.9,3.6,85.3,3.5,8,NEAR NORTH SIDE,Central
17031081700,3831,31.8,7.2,15.4,2.2,88.2,4.6,8,NEAR NORTH SIDE,Central
17031081800,9919,33.5,2.6,10.7,3.8,88.6,2.7,8,NEAR NORTH SIDE,Central
17031081900,923,33.2,22.6,17,20.2,63.6,1.9,8,NEAR NORTH SIDE,Central
17031090100,3508,43.5,3.9,23.8,20.2,44.8,2.8,9,EDISON PARK,Far North
17031090200,6838,37.9,2.1,11,20.2,51.8,1.9,9,EDISON PARK,Far North
17031090300,1378,40.7,3.4,6.3,22.1,52.3,0.5,9,EDISON PARK,Far North
17031100100,5563,38.5,7.2,18.8,27.2,36.7,9.3,10,NORWOOD PARK,Far North
17031100200,6872,41.5,9.6,20.2,31.2,35,3.2,10,NORWOOD PARK,Far North
17031100300,6186,50.1,4,46.9,26.3,42.9,2.3,10,NORWOOD PARK,Far North
17031100400,3364,40.8,5.3,13.3,20,43.3,5.2,10,NORWOOD PARK,Far North
17031100500,5696,44.2,5.9,48.9,22.1,39.8,0.7,10,NORWOOD PARK,Far North
17031100600,4789,43.4,5.2,6.8,27.2,37.6,3,10,NORWOOD PARK,Far North
17031100700,4700,46.2,4,23,26.4,39.5,4.3,10,NORWOOD PARK,Far North
17031110100,5367,37.5,12.1,23.6,19.7,39.9,5.2,11,JEFFERSON PARK,Far North
17031110200,3433,39.5,9,7.4,31.3,29.8,7,11,JEFFERSON PARK,Far North
17031110300,5720,42,13.2,8.5,26,30.4,3.9,11,JEFFERSON PARK,Far North
17031110400,4467,42.1,8.2,16.7,26.1,40.5,5,11,JEFFERSON PARK,Far North
17031110501,5390,41.1,5.2,16.8,24.5,40.1,5,11,JEFFERSON PARK,Far North
17031110502,3612,36,9.6,14.7,28.6,36.4,2.7,11,JEFFERSON PARK,Far North
17031120100,4102,46.4,2.5,21.1,15.4,60.9,2.6,12,FOREST GLEN,Far North
17031120200,4725,43.5,5.8,40.3,15.1,58.2,5.2,12,FOREST GLEN,Far North
17031120300,6516,44.3,4.2,55,14.9,64.8,3.6,12,FOREST GLEN,Far North
17031120400,3749,39.9,6.4,14.3,19.9,38.1,4.6,12,FOREST GLEN,Far North
17031130100,5228,50,13.1,17.2,21.8,48.5,3.5,13,NORTH PARK,Far North
17031130200,1547,48.7,5.2,9.6,11.8,56.7,5.6,13,NORTH PARK,Far North
17031130300,5482,33.9,19.5,24.2,18.2,40.8,10.8,13,NORTH PARK,Far North
17031140100,3527,27,30.1,22.4,15.1,35.6,8.1,14,ALBANY PARK,Far North
17031140200,6429,28.4,26.2,21.8,26.5,30.3,2.8,14,ALBANY PARK,Far North
17031140301,2700,32.3,24.8,20.6,18.4,31.1,7,14,ALBANY PARK,Far North
17031140302,4127,38.3,12.9,11.1,25.4,37.3,7.6,14,ALBANY PARK,Far North
17031140400,6011,41.4,6.2,7.4,24.3,39.5,4.4,14,ALBANY PARK,Far North
17031140500,4264,35.6,12.8,22.2,29.2,31.9,8.7,14,ALBANY PARK,Far North
17031140601,2927,37.7,13.4,18.3,24.1,20.4,7,14,ALBANY PARK,Far North
17031140602,4822,30.7,24.4,15.7,29.6,29.5,8,14,ALBANY PARK,Far North
17031140701,2920,33.8,13.5,19.5,23.5,34.4,4.6,14,ALBANY PARK,Far North
17031140702,6162,33.6,19.8,17.9,26,30.7,7,14,ALBANY PARK,Far North
17031140800,6454,37.4,14.8,23.7,20.7,51.4,1.8,14,ALBANY PARK,Far North
17031150200,7747,38.1,13,21.7,21.2,39.5,8.5,15,PORTAGE PARK,Northwest
17031150300,7859,38.3,8.1,25.7,30.1,41,3.9,15,PORTAGE PARK,Northwest
17031150401,5228,39.1,9.3,22.4,32.2,32.4,6,15,PORTAGE PARK,Northwest
17031150402,3599,36.3,4.7,4.4,33.2,30.8,4.5,15,PORTAGE PARK,Northwest
17031150501,3957,42.6,6.5,9.1,29.4,29.6,8.6,15,PORTAGE PARK,Northwest
17031150502,4378,38.8,16.7,26.1,25.6,31.1,6.9,15,PORTAGE PARK,Northwest
17031150600,4246,38.5,10,36.2,36.1,24,3.6,15,PORTAGE PARK,Northwest
17031150700,4197,38.2,17.9,18.7,28.8,28,0.9,15,PORTAGE PARK,Northwest
17031150800,4967,37.3,5,11.9,25.4,26.6,9.6,15,PORTAGE PARK,Northwest
17031151001,2714,35.4,17.3,22.4,30,22.6,6.3,15,PORTAGE PARK,Northwest
17031151002,4770,35.8,10.1,20,27.6,19.4,7.4,15,PORTAGE PARK,Northwest
17031151100,5325,36.3,17.6,25.8,29.3,22.2,5.3,15,PORTAGE PARK,Northwest
17031151200,3474,40.6,9.7,15,38.2,23.7,6.1,15,PORTAGE PARK,Northwest
17031160100,2577,36.2,9.4,23.7,21.3,42.1,7.6,16,IRVING PARK,Northwest
17031160200,3002,41.6,6.9,18,18.2,49.7,2.8,16,IRVING PARK,Northwest
17031160300,3764,34.4,12.1,8.1,18.8,47.2,4.8,16,IRVING PARK,Northwest
17031160400,4693,34.8,14.8,17.2,21.7,40.1,3.2,16,IRVING PARK,Northwest
17031160501,3870,31.8,14.1,14.4,21.9,35,3.7,16,IRVING PARK,Northwest
17031160502,3782,32.2,11.7,24.7,31.2,28.1,7,16,IRVING PARK,Northwest
17031160601,3529,35.3,10,21.4,14.1,48.8,3.2,16,IRVING PARK,Northwest
17031160602,3681,35.8,5.9,9.4,17.2,42.8,1.6,16,IRVING PARK,Northwest
17031160700,6191,40.2,14.6,14.3,21.4,40.5,4.9,16,IRVING PARK,Northwest
17031160800,4909,35.9,7.5,18.1,22.3,31.5,5,16,IRVING PARK,Northwest
17031160900,2464,38.6,9.4,19.8,19.8,52.6,4.1,16,IRVING PARK,Northwest
17031161000,2151,35.7,6.4,17.6,14.6,55.2,3.2,16,IRVING PARK,Northwest
17031161100,2043,40.3,2.1,11.8,12.1,63.8,2.2,16,IRVING PARK,Northwest
17031161200,3090,34.5,11.8,22,30.7,28.4,3.3,16,IRVING PARK,Northwest
17031161300,3919,36.6,8.1,15.3,30.8,23.8,5.8,16,IRVING PARK,Northwest
17031170100,2058,57.2,10.3,35.2,28.7,25.9,8.5,17,DUNNING,Northwest
17031170200,4106,36.5,8.1,22.9,29.1,26.7,2.6,17,DUNNING,Northwest
17031170300,5350,37.8,8.4,19.9,32.6,32.3,2,17,DUNNING,Northwest
17031170400,4044,41.3,11.9,18.3,29.2,27,3.3,17,DUNNING,Northwest
17031170500,5593,42.2,5.9,21.6,31.6,27.9,3.4,17,DUNNING,Northwest
17031170600,2468,46.6,4.8,0,36.7,21.7,5,17,DUNNING,Northwest
17031170700,3177,42.2,8.4,40.1,32.1,30.3,6.3,17,DUNNING,Northwest
17031170800,4189,38.7,6.4,25,40.2,22.1,4,17,DUNNING,Northwest
17031170900,1881,40.9,6.7,28.1,36.2,23.6,4.5,17,DUNNING,Northwest
17031171000,7328,42.6,8.7,26.6,30.5,23.7,6.6,17,DUNNING,Northwest
17031171100,3841,36.4,9.5,33.3,28.2,31,3.3,17,DUNNING,Northwest
17031180100,6360,38,18.5,24.1,33.4,18.2,5,18,MONTCLARE,Northwest
17031190100,2606,35.1,22.9,37.1,31.4,13.7,3.8,19,BELMONT CRAGIN,Northwest
17031190200,5624,35,11.9,31.3,28.8,16.9,5.2,19,BELMONT CRAGIN,Northwest
17031190300,5535,35.9,16.7,37.6,29.5,16,5.6,19,BELMONT CRAGIN,Northwest
17031190401,4193,35.5,18.4,16.2,34.6,21.6,8.9,19,BELMONT CRAGIN,Northwest
17031190402,5572,36.7,7.3,10.8,32.8,16.1,6,19,BELMONT CRAGIN,Northwest
17031190601,5145,31.7,16,28,37.3,12.4,8.7,19,BELMONT CRAGIN,Northwest
17031190602,5608,38.3,11.1,24.6,32.7,13.8,8.5,19,BELMONT CRAGIN,Northwest
17031190701,2924,33.9,23.5,36.5,33,10,10.6,19,BELMONT CRAGIN,Northwest
17031190702,4841,30.2,30.3,37.1,30.8,10,8.9,19,BELMONT CRAGIN,Northwest
17031190800,7338,34.5,19,31,31.5,13.7,13.1,19,BELMONT CRAGIN,Northwest
17031190900,2537,32.7,20.6,36.2,40.6,9.3,3.9,19,BELMONT CRAGIN,Northwest
17031191000,2651,35.9,26,37.5,30.3,9.9,8.5,19,BELMONT CRAGIN,Northwest
17031191100,7482,30.8,16.9,20.1,35.5,9.5,4.4,19,BELMONT CRAGIN,Northwest
17031191200,3934,28.9,22.7,20.9,26.5,5.8,5.1,19,BELMONT CRAGIN,Northwest
17031191301,5658,32.4,18.4,31.7,30.1,11.8,3.5,19,BELMONT CRAGIN,Northwest
17031191302,5333,32.2,14.2,19.7,30.8,8.5,9.7,19,BELMONT CRAGIN,Northwest
17031200100,3763,36.8,7.9,26.9,30,24.7,4.9,20,HERMOSA,Northwest
17031200200,4800,36.3,21.4,30.8,32.4,12.6,5.4,20,HERMOSA,Northwest
17031200300,1962,29,32.6,32.4,29,10.7,7.4,20,HERMOSA,Northwest
17031200401,3746,33.6,18.5,35.8,21,11.5,9.6,20,HERMOSA,Northwest
17031200402,4380,32.3,19.3,36,16.3,19,5.1,20,HERMOSA,Northwest
17031210100,3684,33.8,13.6,28.7,15.7,51.8,4,21,AVONDALE,North
17031210400,2851,33.6,23.6,29.2,28.2,20.1,6.5,21,AVONDALE,North
17031210501,3273,33.2,21.7,20.1,18.2,26,8.8,21,AVONDALE,North
17031210502,4685,31.7,30.2,27.4,27.5,26.5,4.6,21,AVONDALE,North
17031210601,2761,34.1,12.4,16.8,18.9,37,6,21,AVONDALE,North
17031210602,4200,32.3,15.1,22.1,22.8,35.9,3.3,21,AVONDALE,North
17031210700,4392,32.7,22.8,20.9,24.8,38.4,6.2,21,AVONDALE,North
17031210800,1077,29.2,5.5,1.7,22.8,45,2.1,21,AVONDALE,North
17031210900,3095,30.4,16,52.6,21.6,53.6,0.9,21,AVONDALE,North
17031220300,2201,33.4,10.7,13.3,10.4,64.2,4.5,22,LOGAN SQUARE,North
17031220400,2643,33.5,6,1.4,13.4,62.1,3.8,22,LOGAN SQUARE,North
17031220500,2607,30.6,8.5,12.8,14,71,1.4,22,LOGAN SQUARE,North
17031220601,1763,30.9,12.3,21.2,17.1,53.3,2.7,22,LOGAN SQUARE,North
17031220602,5058,33.1,17.1,14.2,20.7,49.3,6.5,22,LOGAN SQUARE,North
17031220701,3230,32.6,13.5,17,37,37.4,4.9,22,LOGAN SQUARE,North
17031220702,3817,30.5,13.8,22.3,22.6,35.2,4.5,22,LOGAN SQUARE,North
17031220901,3073,30.1,27.2,28,25.2,25.7,7.5,22,LOGAN SQUARE,North
17031220902,2927,32.7,13.7,22.8,33.6,23.5,4.3,22,LOGAN SQUARE,North
17031221000,2774,29.9,25.6,24.3,24.3,39.2,8.9,22,LOGAN SQUARE,North
17031221100,5207,31.8,20.4,19.6,23.1,43.5,6.1,22,LOGAN SQUARE,North
17031221200,2917,30.9,9.9,14.2,18.6,63.5,4.6,22,LOGAN SQUARE,North
17031221300,2848,33.5,22,10.8,15,52,4.8,22,LOGAN SQUARE,North
17031221400,3026,32.8,7,19.9,15.9,56.8,2.1,22,LOGAN SQUARE,North
17031221500,2822,35,10,9.1,19.5,53.5,4.1,22,LOGAN SQUARE,North
17031221600,3136,31.5,5.6,13.3,8.3,79.7,1,22,LOGAN SQUARE,North
17031222200,2226,30.7,6.1,10.9,4.8,82.7,5.5,22,LOGAN SQUARE,North
17031222500,1748,32.5,22.6,26.2,26.4,46,7.2,22,LOGAN SQUARE,North
17031222600,1573,31.1,7.2,13.9,13.4,56.6,4.8,22,LOGAN SQUARE,North
17031222700,2462,29.6,19.8,20.5,32.7,38,2.7,22,LOGAN SQUARE,North
17031222800,968,29.9,23.8,25.4,34.8,34.2,4.6,22,LOGAN SQUARE,North
17031222900,1051,28.2,11.8,20.4,34.6,16.4,3.9,22,LOGAN SQUARE,North
17031230100,1794,29.7,25.3,18.9,23.6,39.6,4.9,23,HUMBOLDT PARK,West
17031230200,2149,31.4,20.7,24.1,27.1,18.5,9.5,23,HUMBOLDT PARK,West
17031230300,1001,28.8,19.3,21.5,35.5,13.8,11.5,23,HUMBOLDT PARK,West
17031230400,2089,35.3,21.1,28.4,24.4,19.8,14.9,23,HUMBOLDT PARK,West
17031230500,3489,35.5,34.5,30.9,21.9,11.1,10.1,23,HUMBOLDT PARK,West
17031230600,7303,26.4,25.8,20.4,30.8,12.5,17.8,23,HUMBOLDT PARK,West
17031230700,5899,31.1,20.5,29.8,32.1,12.2,5.5,23,HUMBOLDT PARK,West
17031230800,1425,32.3,22.2,33.7,28.7,12.4,11.5,23,HUMBOLDT PARK,West
17031230900,4965,31.8,33.1,25,23.1,30,6.3,23,HUMBOLDT PARK,West
17031231100,1292,31.9,29.4,48.4,34.5,15.3,21.2,23,HUMBOLDT PARK,West
17031231200,6782,29.9,31,33.3,26.1,13.4,10.9,23,HUMBOLDT PARK,West
17031231500,5772,38.7,37.5,28.4,27.2,11,20.2,23,HUMBOLDT PARK,West
17031240200,1641,33.3,6.9,12,13.1,74.2,3.6,24,WEST TOWN,West
17031240300,1215,32.4,4.6,9.7,5.5,85,1.8,24,WEST TOWN,West
17031240500,2267,33.5,2.7,6.6,1.8,94,1.4,24,WEST TOWN,West
17031240600,1506,30.8,8.2,21.4,17.6,68.1,3.4,24,WEST TOWN,West
17031240700,1752,31,23.2,24.6,19.7,52.9,5,24,WEST TOWN,West
17031240800,1500,32.5,22.1,28.4,19.8,44.8,8.6,24,WEST TOWN,West
17031240900,928,42,28.9,26.7,18.9,34.9,4.9,24,WEST TOWN,West
17031241000,2096,31.4,28.5,21.5,14.5,46.5,4.7,24,WEST TOWN,West
17031241100,3826,29.4,23.4,20.9,13.7,61.9,5.8,24,WEST TOWN,West
17031241200,1797,32.2,7.3,12.9,6.5,68.1,1.1,24,WEST TOWN,West
17031241300,2090,30.6,14.7,18.5,9.6,75.1,3.9,24,WEST TOWN,West
17031241400,5230,30.7,10.5,18.7,3.8,76.3,1.4,24,WEST TOWN,West
17031241500,2930,30.3,12.9,8.1,2.2,81.4,2.3,24,WEST TOWN,West
17031241600,3603,29.9,11.5,10.3,6,71.8,3,24,WEST TOWN,West
17031242000,5254,29.8,17.5,12.4,6.1,66.9,3.3,24,WEST TOWN,West
17031242100,3878,30.9,8.1,5.1,8.2,79.7,3.4,24,WEST TOWN,West
17031242200,3347,31.9,6.1,15.7,5.2,81.7,2,24,WEST TOWN,West
17031242300,3306,33.6,5.5,8.6,7.7,76.8,1,24,WEST TOWN,West
17031242400,2679,32.9,10.8,8.9,8,68.9,3.3,24,WEST TOWN,West
17031242500,3282,33.6,14.3,19.5,11.9,58,4.1,24,WEST TOWN,West
17031242600,5752,31.4,17.3,15.9,16.2,58.6,3,24,WEST TOWN,West
17031242700,1669,33.4,20.6,30,17.5,38,9,24,WEST TOWN,West
17031242800,1542,34.4,5.6,9.1,18.9,57.8,5.5,24,WEST TOWN,West
17031242900,1617,34.4,3.4,15,7.7,72.5,0.5,24,WEST TOWN,West
17031243000,2274,34.8,7.1,10.9,16.3,49,5.2,24,WEST TOWN,West
17031243100,2044,33.6,7.2,20.4,4.2,70.6,2.5,24,WEST TOWN,West
17031243200,2206,31.1,11.2,15,10.4,73.4,4.2,24,WEST TOWN,West
17031243300,2375,32.4,11.6,14.1,9.3,70.7,2.1,24,WEST TOWN,West
17031243400,2742,32.8,14.5,11.1,11.8,62.6,3,24,WEST TOWN,West
17031243500,3584,31.4,7.8,12.3,7.4,77.2,8.3,24,WEST TOWN,West
17031250200,2730,32.6,15.8,33.6,37.4,13.4,14.5,25,AUSTIN,West
17031250300,5118,30,32.8,44.4,38.7,20.9,9.7,25,AUSTIN,West
17031250400,4963,35.1,26.1,33.1,27.8,13.9,16.6,25,AUSTIN,West
17031250500,7452,41.5,11.6,18.1,24.3,39.6,9.4,25,AUSTIN,West
17031250600,4120,42.2,15.3,35.3,39,16.5,11.2,25,AUSTIN,West
17031250700,5396,38.4,17.7,32.8,38.7,11.9,10.5,25,AUSTIN,West
17031250800,2427,38,33.2,42.8,38.8,8.9,14,25,AUSTIN,West
17031251000,960,30.9,19.1,43.8,54.5,7.7,17.8,25,AUSTIN,West
17031251100,4416,32.4,41.6,47.4,40,6.1,12,25,AUSTIN,West
17031251200,4487,38.3,23.9,38.1,28.9,9.7,16.9,25,AUSTIN,West
17031251300,3934,41.5,23.4,44.3,38.8,9.3,19,25,AUSTIN,West
17031251400,3951,43.4,21.9,28.8,27.1,17.1,8.1,25,AUSTIN,West
17031251500,4176,36.3,45.4,49.8,40.2,11.1,23.7,25,AUSTIN,West
17031251600,4161,30.6,32.6,33.2,34.4,13.1,6,25,AUSTIN,West
17031251700,1329,29.3,19.3,20.7,37.4,14.3,12.7,25,AUSTIN,West
17031251800,4943,27,35.8,37.6,39.4,6.2,18,25,AUSTIN,West
17031251900,4466,27.7,48.5,41.6,32.4,8.4,20.2,25,AUSTIN,West
17031252000,5556,32.7,33.5,41.2,41.5,9.6,8.8,25,AUSTIN,West
17031252101,1284,35.8,34.3,40.3,28.7,17.9,6.9,25,AUSTIN,West
17031252102,7295,31,32.5,46,41,9.1,14.5,25,AUSTIN,West
17031252201,2922,48.9,30.8,42.1,36.4,12.3,17.6,25,AUSTIN,West
17031252202,4653,33.7,38.9,32,31.3,9.4,23.8,25,AUSTIN,West
17031260100,1154,42.2,50.8,40.3,37.9,6.8,17.6,26,WEST GARFIELD PARK,West
17031260200,1067,26,31.1,35.4,30.5,6,15.7,26,WEST GARFIELD PARK,West
17031260300,1430,35.9,37.4,38.6,29.7,6.9,21.4,26,WEST GARFIELD PARK,West
17031260400,1145,36.2,31.2,24.2,32.5,4,24.4,26,WEST GARFIELD PARK,West
17031260500,1713,29.5,49.2,30.9,31.3,3.6,12.8,26,WEST GARFIELD PARK,West
17031260600,2150,25.2,51.9,39.2,31.9,3.2,26.2,26,WEST GARFIELD PARK,West
17031260700,1816,31.5,52.2,62.5,40.1,3.9,16.7,26,WEST GARFIELD PARK,West
17031260800,2659,26.9,49.6,49.4,42,7.7,17.9,26,WEST GARFIELD PARK,West
17031260900,1488,33,30.7,38.4,48.3,2.9,20.3,26,WEST GARFIELD PARK,West
17031261000,2321,32.4,28.5,34.5,34.6,8.6,10,26,WEST GARFIELD PARK,West
17031270500,1478,31,50.6,39.3,28.2,8.3,23.9,27,EAST GARFIELD PARK,West
17031271200,1263,37.7,37.5,55.6,33.6,10.3,16.9,27,EAST GARFIELD PARK,West
17031271300,1316,20.7,59.3,29.3,44.1,10.8,13.3,27,EAST GARFIELD PARK,West
17031271400,1189,30,47.2,63,41.3,19.2,16.4,27,EAST GARFIELD PARK,West
17031271500,1623,30,34.6,41.5,29.2,14.9,10.1,27,EAST GARFIELD PARK,West
17031271800,841,20.8,72.2,37.1,68,5.7,11.7,27,EAST GARFIELD PARK,West
17031280100,6447,32.9,7.6,7.7,1.3,91.4,1.9,28,NEAR WEST SIDE,West
17031280400,1760,28.7,36.8,34.1,27.9,21.5,12,28,NEAR WEST SIDE,West
17031280800,888,40.6,30.3,20.6,22.3,19.7,23.5,28,NEAR WEST SIDE,West
17031280900,991,27.6,56.3,16.8,20.5,22.2,34.7,28,NEAR WEST SIDE,West
17031281900,6018,30.1,17.9,16,5.2,90.3,4.4,28,NEAR WEST SIDE,West
17031282700,2172,34.3,22.2,21.2,23.4,39.2,15.5,28,NEAR WEST SIDE,West
17031282800,1600,27.2,21.1,24.8,12.2,61.8,8.6,28,NEAR WEST SIDE,West
17031283100,3257,25.5,35.7,32.3,11.1,64.8,9.4,28,NEAR WEST SIDE,West
17031283200,1592,29.5,21.1,29.5,14.1,72.2,7.6,28,NEAR WEST SIDE,West
17031283800,3605,32.7,21.8,22.1,12.4,57.5,12.9,28,NEAR WEST SIDE,West
17031290900,3746,27.3,44.1,28.9,38.5,10.5,36.6,29,NORTH LAWNDALE,West
17031291200,2480,23.7,45.3,40.4,32.1,16.3,22.2,29,NORTH LAWNDALE,West
17031291600,976,37.9,19.7,30,26,18,2.8,29,NORTH LAWNDALE,West
17031292200,2705,31.6,48.2,54.1,35.7,15.3,23.3,29,NORTH LAWNDALE,West
17031292400,2203,30,38.4,47.2,30,10.4,5.3,29,NORTH LAWNDALE,West
17031292500,3897,33.8,27.7,39,25.5,17.1,14.3,29,NORTH LAWNDALE,West
17031300500,2889,33.8,20.7,13.9,18.8,9.9,6.3,30,SOUTH LAWNDALE,West
17031300600,3186,31.1,24.7,32.3,23.2,15.2,10.8,30,SOUTH LAWNDALE,West
17031300700,4721,29.2,32.7,16.9,17.4,11.7,8.8,30,SOUTH LAWNDALE,West
17031300800,4070,26.6,42,32.6,25.7,5.3,10.4,30,SOUTH LAWNDALE,West
17031300900,4402,30.4,37.2,23.6,17.1,5.5,4.7,30,SOUTH LAWNDALE,West
17031301100,2423,27.7,31.7,15.8,27.1,14,9.1,30,SOUTH LAWNDALE,West
17031301200,4087,26.6,34.5,31.4,34,8,11.3,30,SOUTH LAWNDALE,West
17031301600,4881,32.3,32.8,21.1,25.7,11.7,10.7,30,SOUTH LAWNDALE,West
17031301701,3943,31.5,35.2,4,29.8,8.1,11.6,30,SOUTH LAWNDALE,West
17031301702,4387,28.2,20.2,20.9,37.4,5.3,9.6,30,SOUTH LAWNDALE,West
17031301801,3625,31.5,23.1,22,35.8,9.4,8.4,30,SOUTH LAWNDALE,West
17031301802,3509,32.5,24.3,23.4,30.5,9.2,14.3,30,SOUTH LAWNDALE,West
17031301803,5011,30.1,28.3,20.2,36.1,6.4,8,30,SOUTH LAWNDALE,West
17031310200,1652,34.2,13.9,22.4,13.2,50.1,5.7,31,LOWER WEST SIDE,West
17031310300,1803,38,21.5,21.7,14.7,39.4,12.8,31,LOWER WEST SIDE,West
17031310400,1181,31.1,10.8,11.4,12,48.9,0.7,31,LOWER WEST SIDE,West
17031310500,1495,30.8,16.2,23.2,25.9,28.6,2.1,31,LOWER WEST SIDE,West
17031310600,4432,32.6,26.2,20.9,19.6,34.4,5.7,31,LOWER WEST SIDE,West
17031310700,1460,33.9,29.6,27.5,26.1,23.1,9.9,31,LOWER WEST SIDE,West
17031310800,4219,31.6,10.7,10.5,16.7,23.9,3.9,31,LOWER WEST SIDE,West
17031310900,5391,30.6,25.6,36.1,20.3,24.3,11.1,31,LOWER WEST SIDE,West
17031320100,13379,38.1,7.5,21.9,2.4,84.3,5.3,32,LOOP,Central
17031320400,3204,21.2,10.5,11.6,1.7,90.5,10,32,LOOP,Central
17031320600,4923,32.5,14.9,11.8,4.3,80.2,5.4,32,LOOP,Central
17031330100,19889,35.3,9.1,23.5,5.2,75.2,2,33,NEAR SOUTH SIDE,Central
17031330200,3475,46.6,13.9,20.8,13.4,64,0.6,33,NEAR SOUTH SIDE,Central
17031340300,1837,48.7,33.9,30.2,26.6,18,12.8,34,ARMOUR SQUARE,South
17031340400,2031,42.5,28.4,34.1,39.8,23.6,7.4,34,ARMOUR SQUARE,South
17031340500,1712,47.7,34,25,24.8,25,11.9,34,ARMOUR SQUARE,South
17031340600,1067,27.5,61.8,13.9,24.5,9.4,44,34,ARMOUR SQUARE,South
17031350100,2251,30.5,31.1,25.5,6.6,69.7,7.8,35,DOUGLAS,South
17031350400,2021,20.8,61.4,13.8,32,5.8,34.8,35,DOUGLAS,South
17031351000,3711,39.5,29.8,21.8,14,55.3,10.7,35,DOUGLAS,South
17031351100,2213,21.9,77.1,25.6,18.4,14.8,37.3,35,DOUGLAS,South
17031351400,1836,31.3,62.9,33.7,30.7,23.3,33.4,35,DOUGLAS,South
17031351500,773,25.9,45.7,25.2,22.3,44.2,15.7,35,DOUGLAS,South
17031360200,1503,30.6,27.1,26.7,27.5,13,20.6,36,OAKLAND,South
17031380100,1983,44.8,39.4,27,12,29,23,38,GRAND BOULEVARD,South
17031380200,1703,62.3,34,21.1,21.3,35.7,5.4,38,GRAND BOULEVARD,South
17031380500,866,25.1,49.8,33.9,46.5,12,21.3,38,GRAND BOULEVARD,South
17031380700,1275,47.4,21.6,22.4,36.5,15.8,17.4,38,GRAND BOULEVARD,South
17031381200,1724,36.4,22.6,49.9,10.6,38.5,11.1,38,GRAND BOULEVARD,South
17031381400,1586,32.4,14.9,41,27.4,23.6,9.6,38,GRAND BOULEVARD,South
17031381500,375,35.7,49.3,38.7,19.4,28.8,16.6,38,GRAND BOULEVARD,South
17031381700,0,0,,0,0,0,0,38,GRAND BOULEVARD,South
17031381800,1254,37.4,23.4,21.2,11.8,39.5,3.1,38,GRAND BOULEVARD,South
17031381900,1267,38.6,21,24.9,24.1,27.7,3.4,38,GRAND BOULEVARD,South
17031390100,1570,31.7,12.4,18.4,12.3,50.6,3,39,KENWOOD,South
17031390200,1656,40.8,7.5,18.5,9.9,61.6,7,39,KENWOOD,South
17031390300,2843,34.1,38.3,25.8,16.6,35,17.8,39,KENWOOD,South
17031390400,2480,46.9,28.9,24.7,21.5,37.1,14.2,39,KENWOOD,South
17031390500,1496,39.2,19.9,29.2,8.5,70.3,5.2,39,KENWOOD,South
17031390600,1756,36.9,13,30.9,4.9,79.8,7.4,39,KENWOOD,South
17031390700,5639,36.2,17.6,23.8,8.2,69.2,6.7,39,KENWOOD,South
17031400300,1317,32.8,41,44.1,24.8,20.4,22.4,40,WASHINGTON PARK,South
17031400400,2120,31,30.5,30,34,21.4,23.1,40,WASHINGTON PARK,South
17031400500,1797,30.1,27.9,32.3,25.8,19.7,13.8,40,WASHINGTON PARK,South
17031400800,2706,32.1,45.8,38.7,39.3,15.1,18.1,40,WASHINGTON PARK,South
17031410100,2176,32.9,21.1,29.6,4.4,78.3,7.1,41,HYDE PARK,South
17031410200,1586,26.7,30.2,34.1,8.7,73.9,10,41,HYDE PARK,South
17031410500,2440,28.1,34.1,36.1,8.5,63.5,3,41,HYDE PARK,South
17031410600,2699,28.4,30.6,41.4,10.9,68.8,5.7,41,HYDE PARK,South
17031410700,2089,29.6,31.3,32.2,7.6,79.9,3.8,41,HYDE PARK,South
17031410800,3051,32.1,21.5,33.7,12,70.5,6.1,41,HYDE PARK,South
17031410900,3369,32.7,21.2,27.7,5.8,81,6.9,41,HYDE PARK,South
17031411000,3169,50.5,9.4,27.4,2.3,71,7,41,HYDE PARK,South
17031411100,2295,31.8,13,22.7,1,93.6,3.9,41,HYDE PARK,South
17031411200,1551,39.6,20,32.6,0.8,87.5,4.6,41,HYDE PARK,South
17031420100,1447,45.4,38.8,22,23.4,19.2,16.4,42,WOODLAWN,South
17031420200,1672,27.4,36.9,35,11.9,51.5,7.1,42,WOODLAWN,South
17031420300,2737,20.7,36.2,24.5,12,56.3,16.2,42,WOODLAWN,South
17031420400,1131,33.3,51,39.8,19.4,41,17.2,42,WOODLAWN,South
17031420500,1659,45,19.7,20.7,23.7,18.1,25.8,42,WOODLAWN,South
17031420600,2097,34.9,48.5,37.4,35.9,17.8,27.4,42,WOODLAWN,South
17031420700,3036,29.9,55.3,44,32.6,13.1,34.6,42,WOODLAWN,South
17031420800,2158,27.9,26.1,43,22.3,26.4,11.6,42,WOODLAWN,South
17031421200,1210,40.8,42.8,20.7,29,16.9,18.3,42,WOODLAWN,South
17031430101,3118,38.5,35.8,31.7,25.2,18.1,19.2,43,SOUTH SHORE,South
17031430102,3046,45.6,27.2,19.4,21.2,30.1,9.6,43,SOUTH SHORE,South
17031430200,4961,33.7,32.6,39.6,24.2,23.3,18.6,43,SOUTH SHORE,South
17031430300,2398,25.9,57.7,47.1,33.4,22.6,26.2,43,SOUTH SHORE,South
17031430400,2756,35.2,39.2,33.7,26.7,18,16.7,43,SOUTH SHORE,South
17031430500,3569,32.5,58.6,42.2,28.7,7.9,18.9,43,SOUTH SHORE,South
17031430600,1920,43.3,18.1,32.9,26.8,27.5,25,43,SOUTH SHORE,South
17031430700,2474,38.4,45,38.7,27.2,19.6,17.3,43,SOUTH SHORE,South
17031430800,1756,39.7,27,25.5,33.3,40.4,13.8,43,SOUTH SHORE,South
17031430900,1572,37.2,28.2,38.3,15.7,29.7,18.8,43,SOUTH SHORE,South
17031431200,2828,42.5,23.2,50.1,21.3,38.5,13.5,43,SOUTH SHORE,South
17031431301,3580,29.1,35,40.9,36,17,22.7,43,SOUTH SHORE,South
17031431302,4204,28.2,37.6,39.5,29.7,14.8,23.3,43,SOUTH SHORE,South
17031431400,6979,40.2,39.8,32.3,27.7,21.5,17,43,SOUTH SHORE,South
17031440101,4105,33,39.7,35.8,31.4,5.2,21.9,44,CHATHAM,Far Southeast
17031440102,3266,36.6,32.6,30.7,32.8,13.8,9.4,44,CHATHAM,Far Southeast
17031440201,4890,41,32.4,46.9,29.3,17,12.9,44,CHATHAM,Far Southeast
17031440202,3213,46,24.3,40.8,19.8,31.3,11.9,44,CHATHAM,Far Southeast
17031440300,4577,48.8,16.3,39.8,28.4,27.5,19.3,44,CHATHAM,Far Southeast
17031440600,1807,47,9.7,24.8,22.7,33,11.7,44,CHATHAM,Far Southeast
17031440700,1440,53.3,10,33.5,34.3,29,22,44,CHATHAM,Far Southeast
17031440800,1693,37.5,42.1,42.5,31.7,16.3,22.7,44,CHATHAM,Far Southeast
17031440900,2547,39.6,23.4,44,33.6,24.8,10.5,44,CHATHAM,Far Southeast
17031450300,3781,44.5,14.4,27.5,23.8,20.3,16,45,AVALON PARK,Far Southeast
17031460100,3424,33.6,37.5,28.3,40.4,17.5,28.5,46,SOUTH CHICAGO,Far Southeast
17031460200,2482,33.7,39.5,35.6,32.3,12.6,17.3,46,SOUTH CHICAGO,Far Southeast
17031460301,3124,26.2,34,42.1,38.2,11.5,16.9,46,SOUTH CHICAGO,Far Southeast
17031460302,3483,31.3,37.9,41.4,38.2,9,30.6,46,SOUTH CHICAGO,Far Southeast
17031460400,3374,40.3,21.5,36.9,38,15.8,12,46,SOUTH CHICAGO,Far Southeast
17031460500,5647,42.7,7.9,17.8,30.4,27.3,9.8,46,SOUTH CHICAGO,Far Southeast
17031460600,1008,34.2,19.4,32.2,40.9,12.9,18.5,46,SOUTH CHICAGO,Far Southeast
17031460700,2636,25,45.1,33.3,30.7,5.5,26,46,SOUTH CHICAGO,Far Southeast
17031461000,1313,53.6,30.9,18.9,36.5,6.7,19.8,46,SOUTH CHICAGO,Far Southeast
17031470100,2336,45.3,17.7,40.1,39.3,13.4,21.9,47,BURNSIDE,Far Southeast
17031480100,2192,49.4,6.9,23.6,23.5,26,8.6,48,CALUMET HEIGHTS,Far Southeast
17031480200,1139,50.3,15.8,21.5,13.7,24,13.8,48,CALUMET HEIGHTS,Far Southeast
17031480300,1103,48.5,24.7,34.5,22.8,30.6,17.5,48,CALUMET HEIGHTS,Far Southeast
17031480400,5584,50.2,12.5,26,22.3,26.8,8.5,48,CALUMET HEIGHTS,Far Southeast
17031480500,2938,42.3,20.7,38,36.8,21.2,12.1,48,CALUMET HEIGHTS,Far Southeast
17031490300,2340,42.1,18.9,32,18.5,37.9,7.5,49,ROSELAND,Far Southeast
17031490400,773,45.9,5.6,28.5,24.6,32.8,13.7,49,ROSELAND,Far Southeast
17031490500,2008,37.5,19.6,45.5,18.4,40.1,20.6,49,ROSELAND,Far Southeast
17031490600,1498,43.9,16.3,77.3,19.8,21.5,18.9,49,ROSELAND,Far Southeast
17031490700,2720,38.9,22.3,49.7,27.4,13.3,25.6,49,ROSELAND,Far Southeast
17031490800,4116,41.3,26.2,37.1,19.9,19.1,24.7,49,ROSELAND,Far Southeast
17031490901,3689,35.8,24.2,41.1,29,14.7,26.3,49,ROSELAND,Far Southeast
17031490902,4355,45.4,15.3,32.8,24.8,25.4,11.5,49,ROSELAND,Far Southeast
17031491000,4239,30.3,48.6,45.6,29.5,9.3,33.2,49,ROSELAND,Far Southeast
17031491100,4160,49.5,18.2,27.5,22.5,25.1,16.6,49,ROSELAND,Far Southeast
17031491200,2110,43,26.8,28.1,29.4,21.4,18.7,49,ROSELAND,Far Southeast
17031491300,2605,36.1,48.8,59.5,29.1,12.4,24.9,49,ROSELAND,Far Southeast
17031491400,3567,27.4,34.7,44.4,29.9,13.3,36.9,49,ROSELAND,Far Southeast
17031500100,3208,48.7,10.7,29.7,26,19.6,6.8,50,PULLMAN,Far Southeast
17031500200,2131,28.4,37.2,28.9,25.6,18.3,32,50,PULLMAN,Far Southeast
17031500300,1477,44.8,25.3,25.4,19,39.4,19.6,50,PULLMAN,Far Southeast
17031510100,3077,34.8,23.6,30.9,29.9,6.6,20,51,SOUTH DEERING,Far Southeast
17031510200,3321,40.1,31.8,25.7,31,23.6,17.6,51,SOUTH DEERING,Far Southeast
17031510300,5126,38.6,22.7,41.5,33,15.4,30.3,51,SOUTH DEERING,Far Southeast
17031520100,1810,37.9,13.6,33.3,32.6,12.2,10.5,52,EAST SIDE,Far Southeast
17031520200,3989,27.1,25,34.4,34.4,4.2,21.6,52,EAST SIDE,Far Southeast
17031520300,5857,28.8,27.7,38.2,30.5,9,21.2,52,EAST SIDE,Far Southeast
17031520400,4656,32.5,16.3,25.7,40.7,13.6,12.8,52,EAST SIDE,Far Southeast
17031520500,5109,34.9,11.4,24,35.1,18.2,6.9,52,EAST SIDE,Far Southeast
17031520600,2809,33.6,16.6,48.6,41.1,10.9,13.8,52,EAST SIDE,Far Southeast
17031530100,2236,35.5,26.6,23.6,34.6,7.4,18.5,53,WEST PULLMAN,Far Southeast
17031530200,3920,34.7,32.4,38.2,30.9,13.3,27,53,WEST PULLMAN,Far Southeast
17031530300,4440,40.8,21.9,38.2,26.8,15.2,27.6,53,WEST PULLMAN,Far Southeast
17031530400,2053,38.8,23.5,25,32,25.6,20.6,53,WEST PULLMAN,Far Southeast
17031530501,4644,36.3,20,20.7,42.4,20.4,14.5,53,WEST PULLMAN,Far Southeast
17031530502,1552,34.9,21.7,42.5,20.3,11.7,22.7,53,WEST PULLMAN,Far Southeast
17031530503,5973,33.6,28.8,46.1,32.7,21.1,29,53,WEST PULLMAN,Far Southeast
17031530600,2653,38.1,28.8,30.5,36.4,9.9,19,53,WEST PULLMAN,Far Southeast
17031540101,4055,22.8,52.9,25.1,28.4,2.4,31.8,54,RIVERDALE,Far Southeast
17031540102,3207,22.2,64.2,25.3,30.4,6,35.3,54,RIVERDALE,Far Southeast
17031550100,6479,40.8,25.3,31.1,41.6,14.2,7.9,55,HEGEWISCH,Far Southeast
17031550200,2726,40.4,5.5,63.7,34.7,20.7,6.7,55,HEGEWISCH,Far Southeast
17031560100,1539,43.4,9,14.9,39.6,14.8,7.4,56,GARFIELD RIDGE,Southwest
17031560200,1654,46.5,19.3,45.2,39.1,14.5,29.6,56,GARFIELD RIDGE,Southwest
17031560300,3145,37.3,13.2,22.4,31.6,16.7,15.8,56,GARFIELD RIDGE,Southwest
17031560400,1585,37,12.9,0,35.9,12.3,13.4,56,GARFIELD RIDGE,Southwest
17031560700,3726,37,12.2,14.3,34.7,13.6,11.1,56,GARFIELD RIDGE,Southwest
17031560800,5886,36.6,6.6,32.6,33.6,17.8,4.2,56,GARFIELD RIDGE,Southwest
17031560900,5341,39.9,1.5,4.2,31.5,24.8,4.7,56,GARFIELD RIDGE,Southwest
17031561000,6064,41.1,2.6,6.1,25.7,31.7,1.4,56,GARFIELD RIDGE,Southwest
17031561100,5502,38.2,4.3,16.1,33.3,26.2,6.6,56,GARFIELD RIDGE,Southwest
17031570100,1302,33.1,15.4,8,36.9,10.4,6.4,57,ARCHER HEIGHTS,Southwest
17031570200,2074,35.7,22.7,14.8,25.2,19.8,10.2,57,ARCHER HEIGHTS,Southwest
17031570300,5691,33.9,20.2,24.9,40,12.1,7.9,57,ARCHER HEIGHTS,Southwest
17031570400,1725,32,8.8,18.6,44.6,14.7,10.4,57,ARCHER HEIGHTS,Southwest
17031570500,2290,30.3,13.8,8.9,37.4,13.7,6.8,57,ARCHER HEIGHTS,Southwest
17031580100,2758,34.1,18.4,33.7,37.8,12.3,11.3,58,BRIGHTON PARK,Southwest
17031580200,3784,29.9,25.7,26.7,33.9,8.2,7.2,58,BRIGHTON PARK,Southwest
17031580300,2555,34.7,10.1,16.7,27.6,4.5,12.7,58,BRIGHTON PARK,Southwest
17031580400,4712,35.3,17.6,15,37,13.9,3,58,BRIGHTON PARK,Southwest
17031580501,4981,30.6,25.5,19.5,42.1,8.8,10.6,58,BRIGHTON PARK,Southwest
17031580502,5581,33.9,21.2,20,38,10,9.5,58,BRIGHTON PARK,Southwest
17031580600,5174,28.3,17.6,12.7,27.2,13.1,15.7,58,BRIGHTON PARK,Southwest
17031580700,6238,28.1,18.1,16.5,35.2,9.5,12,58,BRIGHTON PARK,Southwest
17031580800,2213,30.1,16.4,11.8,36,6.6,13.8,58,BRIGHTON PARK,Southwest
17031590500,1842,39.5,21.4,23.2,34.9,15.9,13.7,59,MCKINLEY PARK,Southwest
17031590600,3678,30.9,18.3,28.3,31.9,16,13.4,59,MCKINLEY PARK,Southwest
17031590700,3393,30.6,29.7,29.9,29.8,22,7.1,59,MCKINLEY PARK,Southwest
17031600400,4413,37.1,28.3,34.6,31.4,23,12.4,60,BRIDGEPORT,South
17031600600,3125,39.4,16.6,26.9,28.6,15.3,7.3,60,BRIDGEPORT,South
17031600700,2579,41.2,17.9,37.7,27.5,21.6,14.7,60,BRIDGEPORT,South
17031600900,3466,36.3,11.2,13.4,28.9,31.8,6.2,60,BRIDGEPORT,South
17031610300,5941,25,29.5,28.8,24.1,10.7,13.1,61,NEW CITY,Southwest
17031610400,1981,25.8,41.9,21.4,30.2,8.1,17.9,61,NEW CITY,Southwest
17031610800,1509,35.8,7.6,19.1,51.4,16,10,61,NEW CITY,Southwest
17031611000,891,35.2,46.6,35.6,35.6,9.7,20.4,61,NEW CITY,Southwest
17031611100,2326,27.8,33.6,23,54.8,2.3,21.5,61,NEW CITY,Southwest
17031611200,2496,27.8,36.2,23.7,64.9,5.5,12.3,61,NEW CITY,Southwest
17031611300,2521,29.4,25.8,14.9,52.8,3.5,17.3,61,NEW CITY,Southwest
17031611400,3060,29.6,35.5,23.5,41.3,3.1,12.3,61,NEW CITY,Southwest
17031611500,3362,29.3,38.1,20.8,60.2,3.4,15.1,61,NEW CITY,Southwest
17031611600,1608,33.1,22.5,5.5,62.8,1,22,61,NEW CITY,Southwest
17031611700,1706,32.5,45,32.3,53.7,4.3,26.1,61,NEW CITY,Southwest
17031611800,2390,35.6,22.5,11,54.9,1,25.8,61,NEW CITY,Southwest
17031611900,1729,29.2,42.5,23,56.7,3.4,20.9,61,NEW CITY,Southwest
17031612000,1373,36.1,16.5,31.9,49.1,7.3,32.6,61,NEW CITY,Southwest
17031612100,1042,36.4,24.9,38.3,46.4,9.8,26.4,61,NEW CITY,Southwest
17031620100,4819,34.4,13.7,7.2,38,13.1,11.8,62,WEST ELSDON,Southwest
17031620200,2230,37.3,7.5,22.5,32.5,15.4,7.1,62,WEST ELSDON,Southwest
17031620300,7784,30,12.3,17.7,36.7,12.1,15.9,62,WEST ELSDON,Southwest
17031620400,4503,30.1,7.5,29.6,37.9,10.4,5.6,62,WEST ELSDON,Southwest
17031630100,950,30,25.1,20.7,48.9,6.6,16.3,63,GAGE PARK,Southwest
17031630200,2045,28.4,26.4,12.6,41.9,7.4,10.8,63,GAGE PARK,Southwest
17031630300,5474,27.6,10.2,25.6,40.2,11.5,11.7,63,GAGE PARK,Southwest
17031630400,6829,27,24.3,28.5,40.5,3.8,15.5,63,GAGE PARK,Southwest
17031630500,6098,28.3,21.8,16.1,43.6,5.8,7.9,63,GAGE PARK,Southwest
17031630800,7111,28.7,12.7,12.7,37.7,8.3,13,63,GAGE PARK,Southwest
17031630900,5290,28.7,13.3,21.4,41.4,3.1,14.3,63,GAGE PARK,Southwest
17031640100,1472,35.1,10,15,44.1,13.7,5.6,64,CLEARING,Southwest
17031640300,7157,33.2,4,15.5,34,17.6,7.9,64,CLEARING,Southwest
17031640400,3701,38,4.8,10.1,47.5,16.6,6.1,64,CLEARING,Southwest
17031640500,3970,39.7,3.2,18.5,33.4,22.6,3,64,CLEARING,Southwest
17031640600,4022,38.9,21.9,24.8,34.2,16.7,16.2,64,CLEARING,Southwest
17031640700,3608,33.8,17,30.5,42,11.5,11.2,64,CLEARING,Southwest
17031640800,1805,31.5,12.5,14.8,38.5,17.9,17.1,64,CLEARING,Southwest
17031650100,4415,31.3,18.5,11.6,40.2,5.9,13,65,WEST LAWN,Southwest
17031650200,7211,33.7,16.3,13.5,46.1,12.2,14.3,65,WEST LAWN,Southwest
17031650301,5276,33.9,5.2,20.7,33.3,15.1,10.9,65,WEST LAWN,Southwest
17031650302,4195,30.2,17.5,17.6,32.3,12.3,9.6,65,WEST LAWN,Southwest
17031650400,6530,28.9,15.7,36.7,37.1,10.5,17.5,65,WEST LAWN,Southwest
17031650500,4549,34.3,11.6,46,33.6,12.6,10,65,WEST LAWN,Southwest
17031660301,1507,28.3,32.8,37.1,53.6,3.3,32.2,66,CHICAGO LAWN,Southwest
17031660302,5020,32.3,24.6,34.4,42.7,9.2,19,66,CHICAGO LAWN,Southwest
17031660400,6034,29.5,12.9,18.8,37.1,9.4,13.9,66,CHICAGO LAWN,Southwest
17031660500,4720,28.8,26.9,29.8,49.5,6.4,13.2,66,CHICAGO LAWN,Southwest
17031660600,5845,32.9,31.7,35.4,39.7,5.7,29.2,66,CHICAGO LAWN,Southwest
17031660700,1666,45.5,24.5,21.7,35.5,6.9,24.6,66,CHICAGO LAWN,Southwest
17031660800,4887,31.3,19.1,23,35.2,7.9,16.3,66,CHICAGO LAWN,Southwest
17031660900,4694,33.9,36,50,40.1,6.6,30.1,66,CHICAGO LAWN,Southwest
17031661000,5157,35.9,25.9,64.4,43.4,14.1,33.5,66,CHICAGO LAWN,Southwest
17031661100,6851,31.8,13.8,42.9,37.2,8.8,15.6,66,CHICAGO LAWN,Southwest
17031670100,944,45.8,27,19.9,33.5,10,25.9,67,WEST ENGLEWOOD,Southwest
17031670200,884,35,51.7,34.6,38.5,7.3,29.6,67,WEST ENGLEWOOD,Southwest
17031670300,1126,42,39.6,40.9,36.9,11.6,24.9,67,WEST ENGLEWOOD,Southwest
17031670400,1656,36.6,34.4,39.9,46.5,6.8,32.6,67,WEST ENGLEWOOD,Southwest
17031670500,1047,37.6,25.8,45.4,48.5,5.3,26.3,67,WEST ENGLEWOOD,Southwest
17031670600,1050,42.1,31.6,17.3,38.3,6.1,36.1,67,WEST ENGLEWOOD,Southwest
17031670700,1072,34.7,33.8,32.7,53.3,2.5,21.3,67,WEST ENGLEWOOD,Southwest
17031670800,1263,42,33.7,31.7,42.5,11,18.8,67,WEST ENGLEWOOD,Southwest
17031670900,1457,32.7,32.9,39.3,34.3,29.3,23.8,67,WEST ENGLEWOOD,Southwest
17031671100,1044,26.7,48.1,31.5,38.9,14,22.3,67,WEST ENGLEWOOD,Southwest
17031671200,939,35.9,42.7,38.1,50.8,2.8,30.4,67,WEST ENGLEWOOD,Southwest
17031671300,1905,40.6,24.6,29.1,49.9,7.8,31,67,WEST ENGLEWOOD,Southwest
17031671400,1394,41,42.8,46.7,51.1,3.1,45.4,67,WEST ENGLEWOOD,Southwest
17031671500,2343,41.3,30.7,37.9,48,4.2,27.9,67,WEST ENGLEWOOD,Southwest
17031671600,2016,43.9,25.9,41,41.6,2.2,37.5,67,WEST ENGLEWOOD,Southwest
17031671800,1256,35.2,35,17.7,39.7,9.4,30.2,67,WEST ENGLEWOOD,Southwest
17031671900,1162,38.9,18.2,4.9,39.4,10.1,17.8,67,WEST ENGLEWOOD,Southwest
17031672000,4064,40.8,21.4,46.5,41.8,15.8,34.8,67,WEST ENGLEWOOD,Southwest
17031680500,1333,34.3,44.9,36.3,43.2,7.5,30.1,68,ENGLEWOOD,Southwest
17031680600,1308,31.4,53.4,31.7,39.3,11.5,31.7,68,ENGLEWOOD,Southwest
17031680900,3430,40.9,37.9,31.2,38.2,9,28.5,68,ENGLEWOOD,Southwest
17031681000,2641,41.5,46.3,46.2,31.2,7.9,16.9,68,ENGLEWOOD,Southwest
17031681100,2910,29.4,43.8,54.3,33.1,8.8,34.3,68,ENGLEWOOD,Southwest
17031681200,2511,24.7,39.2,39.2,36.3,9.5,27.1,68,ENGLEWOOD,Southwest
17031681300,2279,28.4,40.1,44.3,28.7,8.9,31.8,68,ENGLEWOOD,Southwest
17031681400,2433,38.2,28.6,21.1,27.9,7.3,20.5,68,ENGLEWOOD,Southwest
17031690300,2454,35.3,59.3,39.6,29.6,8.9,19.3,69,GREATER GRAND CROSSING,South
17031690400,3031,40,39.4,47.4,17.1,14.4,14.3,69,GREATER GRAND CROSSING,South
17031690500,624,37.4,43.3,39.9,27.8,15.7,23.4,69,GREATER GRAND CROSSING,South
17031690900,4229,32.6,35.8,38.1,21.6,21.4,17.8,69,GREATER GRAND CROSSING,South
17031691000,2550,42.9,17.7,47,23.1,27.5,18.7,69,GREATER GRAND CROSSING,South
17031691100,2993,34.9,48,45.9,36.3,11.7,26,69,GREATER GRAND CROSSING,South
17031691200,2969,31.2,37.3,21.9,26.3,12.6,22.7,69,GREATER GRAND CROSSING,South
17031691300,2707,43.8,24.2,31.3,35,24.9,27.6,69,GREATER GRAND CROSSING,South
17031691400,2901,39.6,20.1,37.5,32.7,19.8,11,69,GREATER GRAND CROSSING,South
17031691500,1939,34.6,42.1,39.9,35.8,10.5,35.3,69,GREATER GRAND CROSSING,South
17031700100,3552,33.9,15.8,46.1,29.5,16.3,7.4,70,ASHBURN,Far Southwest
17031700200,6638,33.2,9.7,15.1,34.9,17.5,12.6,70,ASHBURN,Far Southwest
17031700301,6389,33,8.8,12.3,37.1,13.2,9.6,70,ASHBURN,Far Southwest
17031700302,5899,35.7,4.5,23,34.6,17.9,10.9,70,ASHBURN,Far Southwest
17031700401,6643,31.6,16.7,44.7,28,22.1,12.6,70,ASHBURN,Far Southwest
17031700402,4498,35,25.1,50.3,31,23.3,18.3,70,ASHBURN,Far Southwest
17031700501,6994,46.5,6.3,33.2,31.4,25,9.3,70,ASHBURN,Far Southwest
17031700502,3373,40.6,8.3,0,18.7,30.5,16.7,70,ASHBURN,Far Southwest
17031710100,1097,38.4,49.4,25.7,32.9,10.1,25.6,71,AUBURN GRESHAM,Far Southwest
17031710200,4329,34.7,28.2,26.2,34.2,10.3,18.2,71,AUBURN GRESHAM,Far Southwest
17031710300,1471,36.1,34.2,34.1,21.9,12.1,31.3,71,AUBURN GRESHAM,Far Southwest
17031710400,5514,39.3,28.9,33.4,30.6,10.3,22.2,71,AUBURN GRESHAM,Far Southwest
17031710500,4283,37.3,25.4,35.3,34,16.3,17.5,71,AUBURN GRESHAM,Far Southwest
17031710600,1767,30.5,29.4,37.7,39.3,11,14.9,71,AUBURN GRESHAM,Far Southwest
17031710700,2778,53.1,18.3,26.8,39,6.9,15.3,71,AUBURN GRESHAM,Far Southwest
17031710800,4741,44.8,24.5,41.9,22.5,24.6,20.4,71,AUBURN GRESHAM,Far Southwest
17031710900,2018,36.6,37.8,29.9,29.1,18.7,21.6,71,AUBURN GRESHAM,Far Southwest
17031711000,3012,50.9,34.2,28.2,33.6,13.9,17.8,71,AUBURN GRESHAM,Far Southwest
17031711100,2310,46.1,7.5,39.2,30.8,11.6,16.3,71,AUBURN GRESHAM,Far Southwest
17031711200,5007,44.2,17.5,41.2,27.6,22.6,12.1,71,AUBURN GRESHAM,Far Southwest
17031711300,1794,42.1,23.9,25.2,25.8,11.8,28.7,71,AUBURN GRESHAM,Far Southwest
17031711400,2591,37,29.4,41.2,41.3,12.2,12.9,71,AUBURN GRESHAM,Far Southwest
17031711500,2559,40.8,25.9,55.9,31.6,14.9,20.9,71,AUBURN GRESHAM,Far Southwest
17031720100,3409,46.6,0.3,0,9.5,67.4,4,72,BEVERLY,Far Southwest
17031720200,4047,44.5,10,17.2,16.1,45.9,3.5,72,BEVERLY,Far Southwest
17031720300,4100,45.3,5.3,42.9,14.6,59.5,4.6,72,BEVERLY,Far Southwest
17031720400,1963,37.3,2.1,0,16.3,47,5.1,72,BEVERLY,Far Southwest
17031720500,2101,41.1,1.7,10.7,10.8,63.1,2.2,72,BEVERLY,Far Southwest
17031720600,1751,45.1,2.4,0,7.8,66.2,5.4,72,BEVERLY,Far Southwest
17031720700,3066,39,5.5,6.6,14.8,48.1,5.8,72,BEVERLY,Far Southwest
17031730100,2695,40.6,12.2,24.4,22.9,31.6,24.2,73,WASHINGTON HEIGHTS,Far Southwest
17031730201,5708,41.7,28.9,40.6,34.9,18.6,21.3,73,WASHINGTON HEIGHTS,Far Southwest
17031730202,3550,42.4,11.9,16,29.7,21.8,18.5,73,WASHINGTON HEIGHTS,Far Southwest
17031730300,1137,36.5,15.3,35.6,30.9,16.6,13.9,73,WASHINGTON HEIGHTS,Far Southwest
17031730400,4067,37.9,13,58,25.7,28.4,8.4,73,WASHINGTON HEIGHTS,Far Southwest
17031730500,4359,41,19.9,60.8,28.8,18.7,22.1,73,WASHINGTON HEIGHTS,Far Southwest
17031730600,3559,43.6,30.7,36.6,30.9,26.1,15.1,73,WASHINGTON HEIGHTS,Far Southwest
17031730700,2279,41.4,21.4,41.2,27,23.4,20.7,73,WASHINGTON HEIGHTS,Far Southwest
17031740100,3182,35.8,3.6,15.9,26.3,27.5,4.1,74,MOUNT GREENWOOD,Far Southwest
17031740200,6661,37.1,5.8,50.9,24.5,42.1,2.7,74,MOUNT GREENWOOD,Far Southwest
17031740300,4947,40.1,2.7,0,18.7,42.1,3.5,74,MOUNT GREENWOOD,Far Southwest
17031740400,4552,38,3.8,5.3,24.1,40.4,4.6,74,MOUNT GREENWOOD,Far Southwest
17031750100,3814,45.1,19.4,7.2,37.7,21.8,19.6,75,MORGAN PARK,Far Southwest
17031750200,2778,46.5,10.8,32.6,11,60.8,4.1,75,MORGAN PARK,Far Southwest
17031750300,2494,41.2,3.9,24.6,16.8,56.4,5.4,75,MORGAN PARK,Far Southwest
17031750400,3032,42.8,5.4,26.4,16.4,49.4,8.1,75,MORGAN PARK,Far Southwest
17031750500,5893,44,24.4,30.7,22,32.2,15.2,75,MORGAN PARK,Far Southwest
17031750600,3663,41.3,36.9,48.3,24.2,18.8,12.4,75,MORGAN PARK,Far Southwest
17031760801,4298,32.9,10.8,22.4,14.9,53.4,6.9,76,OHARE,Far North
17031760802,2544,46.5,12.9,35.6,25.1,34.4,5.8,76,OHARE,Far North
17031760803,5707,38.3,15,28.8,26.8,26.8,7.8,76,OHARE,Far North
17031830500,4959,28.3,31.1,29.8,22,4.6,9.6,30,SOUTH LAWNDALE,West
17031830600,4861,32.6,23.2,17.3,26.5,38.5,8,1,ROGERS PARK,Far North
17031830700,3693,37.7,25,20.5,14.7,43,7.2,3,UPTOWN,Far North
17031830800,2512,32.9,6.1,11.1,9.3,69.3,6,4,LINCOLN SQUARE,Far North
17031830900,3089,33.3,5.5,13.2,9.1,62.6,1.4,22,LOGAN SQUARE,North
17031831000,2195,35.2,0.7,7.2,2.8,89.9,1.8,22,LOGAN SQUARE,North
17031831100,7891,33,10.2,11.1,21,29.8,4.4,21,AVONDALE,North
17031831200,4838,34.1,20.9,34.9,25.9,16.4,6.2,20,HERMOSA,Northwest
17031831300,1047,40.6,20.9,12.3,31.2,12.5,9.3,25,AUSTIN,West
17031831400,2976,36.7,23.9,37.1,34.2,16.8,6.6,25,AUSTIN,West
17031831500,3720,35.3,11.7,46.8,29.9,21,4.9,19,BELMONT CRAGIN,Northwest
17031831600,7451,35.5,8.7,41,27.6,14.6,7.8,18,MONTCLARE,Northwest
17031831700,2500,34.8,17.1,38.3,18.9,37.8,11.8,15,PORTAGE PARK,Northwest
17031831800,6194,34.6,16.5,21,17.2,45.9,5.8,13,NORTH PARK,Far North
17031831900,2913,29.5,5.6,9.2,3.8,85.5,1.4,6,LAKE VIEW,North
17031832000,1781,28.8,12.1,19.4,4.7,77.4,4,6,LAKE VIEW,North
17031832100,3533,29.8,11.4,15.6,9.2,71.4,3.9,6,LAKE VIEW,North
17031832200,3289,31.7,6.4,14.8,6.1,79,1.3,22,LOGAN SQUARE,North
17031832300,2001,30.9,7.2,8.5,10.4,75.4,1.7,22,LOGAN SQUARE,North
17031832400,3038,31.4,7.3,13.7,16.6,68.3,1.2,22,LOGAN SQUARE,North
17031832500,3551,31.6,9.2,23.4,8.6,76.6,7.5,7,LINCOLN PARK,North
17031832600,3780,30,6.4,11.9,2,91.2,0.7,7,LINCOLN PARK,North
17031832900,2322,26.2,36.1,42.8,7.9,88,9.6,28,NEAR WEST SIDE,West
17031833000,4138,33.4,12.3,20.1,4.7,82.4,6,28,NEAR WEST SIDE,West
17031833100,7250,35.5,11.6,23.1,6.6,76.6,2.5,28,NEAR WEST SIDE,West
17031833300,2699,23.9,43.1,40.1,10.3,75.3,8.4,28,NEAR WEST SIDE,West
17031833900,2530,30.6,33.9,22.5,35.5,8.1,17,46,SOUTH CHICAGO,Far Southeast
17031834000,2926,36.3,29.3,41.5,28.3,9.2,20.1,49,ROSELAND,Far Southeast
17031834200,4249,35.6,18,35.6,15.7,27.6,11.5,43,SOUTH SHORE,South
17031834300,6004,47,18.2,36.5,27.8,30.8,16.6,45,AVALON PARK,Far Southeast
17031834400,4390,34.4,25.8,37.5,13.1,33,12.7,42,WOODLAWN,South
17031834500,1376,24.9,35.5,39.4,36.1,14.6,23.2,40,WASHINGTON PARK,South
17031834600,1975,43.7,40.2,23,46.7,4.4,24.6,68,ENGLEWOOD,Southwest
17031834700,1426,32.1,52.3,40.5,29.7,7.1,21.1,68,ENGLEWOOD,Southwest
17031834800,1546,47.4,43.6,22.9,38,10.4,26.4,68,ENGLEWOOD,Southwest
17031834900,1615,46,50.3,28.5,40.7,9.3,25.6,67,WEST ENGLEWOOD,Southwest
17031835000,5622,31.8,32.8,34.2,47.9,5.3,26.8,66,CHICAGO LAWN,Southwest
17031835100,5505,34.1,21.2,26.8,37,6.1,12.7,63,GAGE PARK,Southwest
17031835200,2020,37.2,9.6,23.8,32.8,13.7,9.2,56,GARFIELD RIDGE,Southwest
17031835500,1479,54,38.1,34.5,30.1,11.2,20.5,37,FULLER PARK,South
17031835600,841,40,11.6,21.6,60.7,10,48.5,37,FULLER PARK,South
17031835700,416,15.9,11.1,39,35.5,27.2,84.9,38,GRAND BOULEVARD,South
17031835800,1858,26.4,42.6,42.4,13.4,45.2,19.2,38,GRAND BOULEVARD,South
17031835900,3190,36.9,43,25.9,25.1,20.5,24.1,38,GRAND BOULEVARD,South
17031836000,2785,33.4,29.4,29.9,17.5,32,13.4,38,GRAND BOULEVARD,South
17031836100,2039,27.1,41.1,28.9,35.3,15.5,18.8,40,WASHINGTON PARK,South
17031836200,1604,19.9,21.1,32.5,0,95,15.9,41,HYDE PARK,South
17031836300,1488,33.2,25.9,27.6,12,55,9.2,41,HYDE PARK,South
17031836400,3737,35.1,29.7,19.1,20.2,41.4,18.8,36,OAKLAND,South
17031836500,1610,31.8,24.7,20.6,30.9,23.9,20.2,36,OAKLAND,South
17031836600,2291,34.9,17.7,29.8,21.3,30.6,6.4,23,HUMBOLDT PARK,West
17031836700,2422,29.5,38.8,22.3,27.6,11.9,12.1,23,HUMBOLDT PARK,West
17031836800,2164,29.5,68.5,50.6,30.9,11.3,24.8,27,EAST GARFIELD PARK,West
17031836900,1251,25.6,40.7,46.9,42.5,18,16.6,27,EAST GARFIELD PARK,West
17031837000,1950,27.7,47.9,27.4,30.3,21.4,19.1,27,EAST GARFIELD PARK,West
17031837100,1596,39,24.2,42.5,14.9,29.2,16.6,27,EAST GARFIELD PARK,West
17031837300,2607,27.6,33.4,43.2,39.8,15.7,16.9,27,EAST GARFIELD PARK,West
17031837400,2460,34.9,43.3,31.4,33.2,16.4,23.7,27,EAST GARFIELD PARK,West
17031837800,2662,31.8,32.1,18.4,25.1,36.1,10.9,28,NEAR WEST SIDE,West
17031838000,2577,31.7,36.4,17.3,24,37.5,10.1,28,NEAR WEST SIDE,West
17031838100,1760,44.2,36.9,12.5,20.3,39.2,7.2,28,NEAR WEST SIDE,West
17031838200,1976,23,34.5,24.3,8.6,70.8,5.2,28,NEAR WEST SIDE,West
17031838300,1425,33.6,19.2,27.1,20.6,54.9,3.5,8,NEAR NORTH SIDE,Central
17031838600,1507,27.1,51.2,36.3,19.5,0.5,16.6,29,NORTH LAWNDALE,West
17031838700,4311,30.5,45.1,31.8,31.7,6.7,20.3,29,NORTH LAWNDALE,West
17031838800,3173,32.8,42.5,19.2,39.1,8.3,17.1,51,SOUTH DEERING,Far Southeast
17031839000,8789,32.7,16.7,17.8,2.5,75.5,3.9,32,LOOP,Central
17031839100,7352,30,11.4,18.1,7.7,75.9,5.5,32,LOOP,Central
17031839200,2452,44.7,22.8,15.5,13.5,49.3,5,35,DOUGLAS,South
17031839500,1510,48.2,32.5,21.1,11.7,49.7,5.2,35,DOUGLAS,South
17031839600,1367,50.7,13.3,49.6,24.4,41.1,8,35,DOUGLAS,South
17031839700,4510,35.2,20.6,25.1,21.2,43.6,6.1,60,BRIDGEPORT,South
17031839800,2831,34.7,17.5,19.9,18.2,39.7,3.2,60,BRIDGEPORT,South
17031839900,4419,36.5,14.8,18.5,20.9,40.6,6.5,60,BRIDGEPORT,South
17031840000,2881,36.4,13.9,18.5,26.2,38.9,7.5,60,BRIDGEPORT,South
17031840100,3176,41.5,15.4,21.5,32.9,28.6,11.1,60,BRIDGEPORT,South
17031840200,2488,39,13,24.4,24.3,29.5,7.3,60,BRIDGEPORT,South
17031840300,3872,36.2,21.9,34.2,32.7,19.5,8.1,59,MCKINLEY PARK,Southwest
17031840400,3135,40.6,21.8,29.7,23.8,30.8,9.7,59,MCKINLEY PARK,Southwest
17031840700,3697,30.8,34.5,23.9,17.3,16.2,11.4,30,SOUTH LAWNDALE,West
17031840800,3011,25.9,40,33.8,29.8,4.5,4.5,30,SOUTH LAWNDALE,West
17031841000,979,38,17.5,16.7,10.9,65.6,0.9,33,NEAR SOUTH SIDE,Central
17031841100,7072,47,31.2,17.3,26.5,24.1,7.6,34,ARMOUR SQUARE,South
17031841200,4839,30.6,19.1,16,23.8,32.9,5.1,31,LOWER WEST SIDE,West
17031841300,3960,35.6,21.1,21.7,20.3,27.4,6.9,31,LOWER WEST SIDE,West
17031841400,1135,35.5,31.8,42.5,35.5,10,12.4,29,NORTH LAWNDALE,West
17031841500,2847,28.2,35.9,44.1,31.4,13.7,15.8,29,NORTH LAWNDALE,West
17031841600,655,29.4,52.4,54.8,26.2,16.9,18.8,29,NORTH LAWNDALE,West
17031841700,1825,37.8,39.4,14.7,26.8,8.3,24.9,30,SOUTH LAWNDALE,West
17031841800,2435,34,26.4,29.1,27.8,16.1,23.9,69,GREATER GRAND CROSSING,South
17031841900,6540,23.5,18.2,8.1,9.9,71.9,12.9,28,NEAR WEST SIDE,West
17031842000,3134,23.5,20.8,64.7,27,39,4.5,35,DOUGLAS,South
17031842100,7489,26.1,27.2,28.6,30.8,15.5,11.8,23,HUMBOLDT PARK,West
17031842200,3154,34.9,9,8.1,14,68.9,1.9,8,NEAR NORTH SIDE,Central
17031842300,3358,33.6,5.6,8.5,3.6,75.3,4.7,24,WEST TOWN,West
17031842400,3115,44.3,27.4,52.8,21.6,25.7,21.7,44,CHATHAM,Far Southeast
17031842500,1973,21.6,63.4,20.1,37.8,9.1,40.9,69,GREATER GRAND CROSSING,South
17031842600,4125,36.8,11.8,16.4,37.6,19.3,9.9,61,NEW CITY,Southwest
17031842800,7035,28.2,39.5,43.1,40.1,8.6,8.2,58,BRIGHTON PARK,Southwest
17031842900,2479,31.5,43.6,25.9,26.2,12.6,12,28,NEAR WEST SIDE,West
17031843000,2533,25.9,42.5,30.3,30,9.9,8.6,29,NORTH LAWNDALE,West
17031843100,1692,30.4,48.2,51.5,35.6,14.5,9.6,29,NORTH LAWNDALE,West
17031843200,2357,32.5,24.4,20.2,16.2,31.6,5,31,LOWER WEST SIDE,West
17031843300,1972,32.9,44.8,30.2,29.3,18.1,18.7,29,NORTH LAWNDALE,West
17031843400,1195,41.4,31.1,41.7,34.9,7.4,11.2,29,NORTH LAWNDALE,West
17031843500,10317,29.5,34.3,5.9,36.4,3.2,1.7,30,SOUTH LAWNDALE,West
17031843600,2918,33.6,22.5,34,17.1,42.7,20.6,38,GRAND BOULEVARD,South
17031843700,2617,35.1,3.7,12.5,12.3,56.5,3.7,5,NORTH CENTER,North
17031843800,1482,39.1,23,30.3,42.1,11.4,21.6,61,NEW CITY,Southwest
17031843900,3521,46,28.4,29.2,21.9,38.2,8.6,42,WOODLAWN,South
17031980000,1,0.1,0.1,0.1,0.1,0.1,0.1,76,OHARE,Far North
17031980100,1,0.1,0.1,0.1,0.1,0.1,0.1,56,GARFIELD RIDGE,Southwest
17043840000,2920,34.1,14.1,14.8,33,17,10.5,76,OHARE,Far North